时间,RMS,频率,幅值,温度,运行时长,状态,bin0,bin1,bin2,bin3,bin4,bin5,bin6,bin7,bin8,bin9,bin10,bin11,bin12,bin13,bin14,bin15
19:45:22,1259,70,321,0,0,441,1,2753,5249,2511,795,1577,422,2275,8120,35950,44193,11918,4324,423,2924,901,3829
19:45:24,809,70,215,0,0,443,1,3078,4377,3459,2275,1561,1635,2733,1844,17677,27570,11467,1718,1528,702,597,1385
19:45:26,871,70,232,0,0,445,1,458,1870,1974,640,770,826,996,3051,47125,59732,18706,4372,3068,3215,3033,5281
19:45:28,1712,70,466,0,0,447,1,3161,3031,2136,3321,3164,3970,6930,5138,65535,65535,31843,5571,2313,2657,3067,6168
19:45:30,2891,70,786,0,0,449,1,1521,977,786,1197,2699,2950,4594,15334,65535,65535,30352,12067,3318,7578,5260,8932
19:45:33,2012,70,542,0,0,452,1,1406,2451,735,1170,2221,2212,6342,2952,52552,65535,23425,3726,4053,3474,3600,6986
19:45:35,1108,70,296,0,0,454,1,3670,6810,2738,812,395,610,1638,8075,65535,65535,26198,8812,2373,6086,4356,8008
19:45:37,3278,70,891,0,0,456,1,6619,4286,5176,3773,4983,4676,5212,17336,19968,31458,13660,4117,3454,2434,1494,2345
19:45:39,913,70,245,0,0,458,1,4257,4768,3731,3238,3419,3336,2898,15031,47654,60624,17737,5412,1353,3864,685,5636
19:45:42,1717,70,473,0,0,460,1,1137,6592,5856,3912,5141,5470,9218,6556,65535,65535,30370,2483,2287,2699,2892,8196
19:45:44,3036,70,850,0,0,463,1,8801,6349,3969,1885,1659,2647,5926,9391,65535,65535,37247,8371,6525,7693,7731,11924
19:45:46,2488,70,675,0,0,465,1,2622,1924,3906,4276,1931,2922,2943,14955,65535,65535,31343,7982,2777,3076,4025,5908
19:45:48,3254,70,889,0,0,467,1,3661,2138,5566,5219,4369,4458,6114,15071,47780,61144,18716,2300,617,795,1337,4117
19:45:50,1810,70,477,0,0,469,1,2118,2617,1726,1084,1848,2577,5647,5362,50441,65329,22707,3371,4279,4152,4831,7618
19:45:53,3170,70,887,0,0,472,1,3011,2181,1050,385,1894,3476,4795,7013,47515,62444,19939,5206,2181,3486,2234,5085
19:45:55,651,70,172,0,0,474,1,1021,3408,2786,1094,514,1040,1422,3431,16723,22035,5858,3329,518,855,567,622
19:45:57,2275,70,609,0,0,476,1,3747,5313,3211,2453,2872,4630,3045,14909,26340,33753,10539,3461,2437,2376,1922,3662
19:45:59,966,70,263,0,0,478,1,3538,2328,2135,582,1132,2503,5281,7861,65535,65535,29555,8311,4647,6560,6180,9967
19:46:04,2432,70,651,0,0,483,1,3680,1603,1722,1315,1200,2663,4210,7596,56236,65535,22467,6013,3974,4825,4372,7233
19:46:06,2501,70,673,0,0,485,1,6102,4718,4441,3724,4468,4450,8613,2944,65535,65535,27649,1958,3926,2472,2753,7282
19:46:08,2429,70,643,0,0,487,1,4913,3323,4378,4525,3432,5139,6591,9831,65535,65535,26711,9828,758,6118,2234,8466
19:46:10,3046,70,814,0,0,489,1,1398,2157,2121,1879,2022,1799,1681,4952,22077,24500,4564,3436,54,1396,700,2035
19:46:13,731,70,191,0,0,491,1,4166,3557,2467,1312,1932,1483,5742,6691,65535,65535,29938,5262,6347,5998,6494,10909
19:46:15,1652,70,436,0,0,494,1,2123,2821,3835,3158,2854,2696,6049,3082,44551,55844,16565,749,1626,995,1534,4991
19:46:17,1099,70,286,0,0,496,1,161,652,1987,1015,1803,1846,1502,5933,27807,33273,7946,2425,470,633,385,2989
19:46:19,770,70,201,0,0,498,1,3046,2953,3394,2387,1297,863,1391,3463,35473,45931,15883,2605,3081,2309,2523,4086
19:46:21,1320,70,358,0,0,500,1,4747,2232,3399,5116,2619,4453,3101,22627,65535,65535,24584,8611,3317,362,1450,3022
19:46:24,715,70,186,0,0,503,1,979,2428,3320,2139,1918,2034,1924,2153,21998,26063,8904,2778,1481,1354,901,1019
19:46:26,2078,70,559,0,0,505,1,656,2797,4147,3691,3671,3424,6808,3340,55712,65535,23724,4260,4403,3556,3653,6730
19:46:28,2833,70,764,0,0,507,1,2627,2881,4400,3604,4464,4827,7645,10216,65535,65535,27421,8306,2475,1847,3088,4481
19:46:30,3275,70,873,0,0,509,1,6362,800,6881,7097,4531,5035,10886,9988,65535,65535,39550,10745,10047,8782,7453,12328
19:46:33,3443,70,923,0,0,511,1,6186,6194,6080,3416,4575,6120,7597,18385,65535,65535,31947,9128,1274,5544,2792,7664
19:46:35,3376,70,907,0,0,514,1,1294,2413,2418,2485,4143,4486,6866,15145,65535,65535,31430,9129,2646,6167,3699,9720
19:46:37,3472,70,945,0,0,516,1,5332,3922,1386,1958,2883,2758,8272,9338,65535,65535,41621,9472,8977,8579,8688,13077
19:46:39,3391,70,918,0,0,518,1,9622,4471,4541,3487,3220,2342,4652,20739,51704,64861,21632,3557,3899,4281,4494,7814
19:46:41,1833,70,506,0,0,520,1,2990,1628,2305,1014,1226,1816,3766,7575,27671,34428,9873,3859,2254,2440,1873,3677
19:46:44,1000,70,268,0,0,522,1,1195,3232,4929,5001,4107,7296,6911,19429,65535,65535,30955,8765,2916,2981,2690,4996
19:46:46,3087,70,852,0,0,525,1,421,2138,3101,2390,1139,2724,5188,12792,65535,65535,32835,10172,5263,7715,7198,10874
19:46:48,2972,62,749,0,0,527,1,7689,10056,8752,7361,8401,8684,12116,24723,52955,64633,17714,5099,1207,3703,2727,6059
19:46:50,2991,70,795,0,0,529,1,7268,2697,1167,1918,2943,5959,3697,17677,65535,65535,35588,3794,4537,3760,4643,9348
19:46:53,3206,70,852,0,0,531,1,4320,1493,2062,2004,2123,1617,2631,12704,63098,65535,18448,7799,863,4818,1158,6323
19:46:55,1020,70,266,0,0,534,1,2141,1639,1405,1248,1040,1567,3650,4386,44285,54545,17814,2947,3284,3566,4069,6759
19:46:57,2080,70,537,0,0,536,1,4890,2695,3015,3370,3250,4691,5890,9622,56699,65535,20103,2361,1788,2079,2155,5321
19:46:59,2189,70,591,0,0,538,1,1387,566,1295,1125,2715,164,2455,12172,65535,65535,40059,9322,8817,8408,8492,13292
19:47:01,3382,70,922,0,0,540,1,7141,2989,1349,1494,1316,2535,6419,16557,65535,65535,29523,6300,2825,5499,4431,9431
19:47:04,2801,70,767,0,0,542,1,2414,3127,2298,975,1871,2311,2691,4503,29105,31966,8676,451,730,449,1526,2836
19:47:06,3469,70,959,0,0,545,1,1702,885,641,518,1935,1906,7353,5455,65535,65535,34141,5211,7297,6524,7688,12258
19:47:08,2290,70,623,0,0,547,1,6608,3248,2250,1398,2344,2886,4160,11857,65481,65535,22840,6614,2785,5426,4341,7926
19:47:10,819,62,202,0,0,549,1,904,2915,2636,1759,285,1210,1236,6937,41679,46743,14236,3449,1885,3095,4092,5246
19:47:13,1451,70,365,0,0,551,1,84,2624,1153,533,1664,1424,1926,5456,65535,65535,23362,5745,2496,4240,3048,7366
19:47:15,2374,70,630,0,0,553,1,6406,2555,722,2354,2284,5186,3554,19277,65535,65535,27220,7310,2825,1787,2902,4869
19:47:17,3259,70,864,0,0,556,1,10559,5082,3032,5456,3023,4086,4174,23834,65535,65535,26171,7352,2998,1330,1662,4691
19:47:19,1220,70,289,0,0,558,1,330,2736,2356,1422,1321,2481,2414,5730,28934,29394,8833,3028,957,2157,2489,2806
19:47:21,3516,70,931,0,0,560,1,1728,2156,2131,4482,4177,6543,6015,22742,44424,52537,13548,4257,1332,1865,1628,3129
19:47:24,1598,70,410,0,0,562,1,6732,602,2815,1088,2702,5215,4565,18787,65535,65535,25476,7406,2804,1945,2715,4324
19:47:26,2324,70,612,0,0,565,1,2585,3205,977,871,1593,2451,1974,6275,29788,33930,10968,4640,458,2277,2448,2278
19:47:28,3433,70,956,0,0,567,1,13653,7534,2640,2394,1803,2645,8012,14433,65535,65535,38740,10473,7566,8665,8009,12565
19:47:30,806,62,175,0,0,569,1,1857,2405,488,401,2242,2200,2964,3589,65535,65535,26971,5799,5563,5692,5642,9316
19:47:33,2473,70,658,0,0,571,1,4286,1475,2898,1991,2152,2939,5381,9783,65535,65535,40996,10812,8628,8898,8612,12890
19:47:35,3515,70,970,0,0,573,1,2097,2746,1749,926,348,886,1270,7108,28089,25869,3458,3163,1811,1776,1306,3283
19:47:37,1302,70,312,0,0,576,1,7971,4447,2036,2763,2553,3239,6571,19618,65535,65535,36147,12693,6028,8878,7226,11174
19:47:39,878,62,212,0,0,578,1,264,3154,1205,1525,1344,1738,1005,7892,27225,22615,241,3711,986,832,1440,1619
19:47:41,1855,70,495,0,0,580,1,2714,1655,1812,2165,1921,3393,5155,8822,37773,47926,16644,2211,2563,2454,2826,4750
19:47:44,1491,70,374,0,0,582,1,4973,1468,3436,3599,4633,5551,8032,12724,65535,65535,31977,4645,6737,5970,7034,11178
19:47:46,2558,70,707,0,0,584,1,11457,7301,2964,3915,5583,5831,13782,4437,65535,65535,40741,5456,7167,5097,5524,10498
19:47:48,1250,70,295,0,0,587,1,3771,2403,1443,296,1139,1178,2806,5705,34423,37798,10558,2121,2218,2070,2204,4356
19:47:50,1322,70,351,0,0,589,1,911,1265,763,487,959,1158,3965,2693,65535,65535,26408,8339,2255,2570,3748,4264
19:47:53,2351,70,614,0,0,591,1,2568,1957,2890,1044,2929,3001,3121,14517,49139,59139,18615,6692,2513,4157,4250,4968
19:47:55,1805,70,462,0,0,593,1,8793,7328,5762,4890,4742,3448,7570,7631,62800,65535,24962,3553,4091,2482,2318,5573
19:47:57,2269,70,583,0,0,595,1,3799,2798,961,1561,1775,2403,3822,11090,48423,57532,15183,3417,720,1853,703,5203
19:47:59,2232,70,554,0,0,598,1,3876,1522,673,845,1660,3042,1953,16256,64762,65535,18866,2961,659,1809,2837,4689
19:48:01,2864,70,776,0,0,600,1,2679,3562,2698,2698,2646,1589,6504,11258,65535,65535,31151,7443,6370,6571,7191,10076
19:48:04,3432,70,939,0,0,602,1,5928,3432,2432,4762,3925,6074,10254,16059,63010,65535,19200,4672,2089,1162,1790,3344
19:48:06,2186,70,549,0,0,604,1,5309,3275,4443,5154,3462,6235,5571,19974,65535,65535,29012,5595,2823,1125,2530,6689
19:48:08,3487,70,980,0,0,607,1,2721,1015,4110,3378,3782,4735,8120,7035,65535,65535,30415,4651,4419,4599,5135,9004
19:48:10,1819,70,476,0,0,609,1,881,3673,4221,2765,1833,2603,4005,7981,49508,60973,18808,2801,2471,2607,2491,6173
19:48:13,3512,70,960,0,0,611,1,8794,6618,604,1601,3793,1837,4151,22538,29355,29027,8560,3830,2021,1996,2020,1331
19:48:15,1049,62,229,0,0,613,1,4073,3945,2820,1104,656,1251,2760,6228,65535,65535,37324,10111,7852,8062,8216,11498
19:48:17,3092,70,846,0,0,615,1,3063,2422,3687,5122,2879,5575,4648,22903,65535,65535,27535,6309,2967,1154,1786,5772
19:48:19,3027,70,821,0,0,618,1,4138,5717,5252,5373,6405,5480,10179,7710,65535,65535,34940,3824,4983,3799,4774,9363
19:48:21,1848,70,424,0,0,620,1,3011,984,2573,2667,847,1371,2038,11648,31348,24076,2042,3187,1651,1015,1897,861
19:48:24,2825,70,734,0,0,622,1,7382,6182,4297,4749,4366,4152,6074,15599,65535,65535,38752,7025,8642,7733,8945,13493
19:48:26,3112,70,872,0,0,624,1,7959,6055,3513,2955,3583,5428,6522,11018,41577,46077,11061,3249,574,1451,367,4148
19:48:28,1536,70,359,0,0,626,1,4226,3601,898,303,1083,1425,804,8096,30082,25201,4280,4784,2111,1453,2419,503
19:48:30,3012,70,815,0,0,629,1,6954,4839,2546,3215,5411,5405,12272,7091,65535,65535,33492,1218,2589,2258,3931,9055
19:48:33,3518,70,921,0,0,631,1,1930,1301,2027,5335,1882,3710,3986,28831,63341,65535,21104,888,2300,1906,2646,6499
19:48:35,2066,70,511,0,0,633,1,3071,2510,1616,2284,2869,3979,9006,1754,63894,65535,22666,5496,2970,3364,2731,6126
19:48:37,2302,70,607,0,0,635,1,3403,2604,3328,4981,2224,4580,2223,19543,65535,65535,25459,5853,2782,2989,3076,6552
19:48:39,2791,70,723,0,0,638,1,5905,4070,1024,2313,2339,2884,5223,23849,65535,65535,29489,11782,4818,7113,4584,9051
19:48:41,1334,70,302,0,0,640,1,4208,2223,2308,2354,503,1356,3832,5038,36380,38735,13212,5148,3089,3071,3226,2720
19:48:44,1959,70,519,0,0,642,1,922,1150,99,781,711,1982,3460,8638,65535,65535,33726,11379,6378,6860,7617,8795
19:48:46,3460,70,926,0,0,644,1,1734,2993,748,2168,2141,2225,2636,12972,46841,45012,11679,3192,4064,2278,1957,4020
19:48:48,1642,62,365,0,0,646,1,5228,3915,2087,3060,3036,5155,5972,10353,65535,65535,28992,6603,3179,4582,5029,7071
19:48:50,3126,70,860,0,0,649,1,4047,3825,2199,2727,4068,6904,9851,13992,65535,65535,35935,8098,4630,4661,4886,7393
19:48:53,3306,70,926,0,0,651,1,6353,4297,1687,1709,1810,4563,5889,19971,38541,26753,4851,3274,2442,215,2033,1810
19:48:55,3337,70,910,0,0,653,1,7519,3007,3354,5914,3055,4564,4621,27630,65535,65535,30049,5024,4542,3330,3520,6495
19:48:57,2717,70,680,0,0,655,1,6844,5253,4100,3776,2518,3750,5866,8459,59230,65535,18690,4586,672,2852,806,5074
19:48:59,2149,70,547,0,0,657,1,2874,3550,2075,3134,2619,2812,3964,18299,65535,65535,19497,4051,863,3245,633,5793
19:49:01,2610,70,706,0,0,660,1,5622,3407,2900,2239,1987,2428,6250,11928,65535,65535,29664,5807,5719,5885,5370,10472
19:49:04,2820,70,729,0,0,662,1,430,1109,681,2427,1452,2220,2459,22852,56912,61496,18365,656,2229,1525,1926,5776
19:49:06,1718,70,388,0,0,664,1,6531,5084,2137,1741,3179,2821,5438,4720,65535,65535,31968,9532,1618,6550,3477,9713
19:49:08,3304,70,893,0,0,666,1,6258,4409,2790,2257,2518,1913,7025,10976,65535,65535,29378,6208,6417,5676,5055,9279
19:49:10,3482,70,956,0,0,669,1,9166,5897,3640,2497,1664,3823,1472,28592,65535,65535,27399,9135,4737,3662,4997,6409
19:49:13,3349,70,915,0,0,671,1,13445,8830,5329,7723,5672,6321,9055,15389,65535,65535,35511,6457,2851,2865,3762,7699
19:49:15,1602,70,348,0,0,673,1,2694,6251,2720,3334,938,1888,2133,11004,34291,31763,11310,3819,980,430,2283,264
19:49:17,1342,62,267,0,0,675,1,1501,5220,4084,3265,547,2690,3918,13454,50027,51357,19141,5467,4031,4034,4755,5879
19:49:19,1829,70,401,0,0,677,1,510,5199,3278,4271,4039,5700,5990,12972,65535,65535,27574,4407,1029,752,2496,4598
19:49:21,1352,62,270,0,0,680,1,2234,4851,1924,213,724,1891,4108,7263,34683,23194,5591,1218,426,1366,2456,3307
19:49:24,3348,70,910,0,0,682,1,8810,10790,1750,4261,4251,2786,4507,28872,62205,65535,21116,2610,3310,3912,4876,8071
19:49:26,3379,70,956,0,0,684,1,8108,5155,427,1457,2146,2863,9601,10703,47448,43389,11656,2987,2056,2322,748,4050
19:49:28,1769,62,370,0,0,686,1,4610,4188,2402,1680,1974,1844,7440,10555,65535,65535,33387,7534,3266,4059,6107,7769
19:49:30,3490,70,942,0,0,688,1,277,1786,1285,3178,1677,3363,6895,7788,65535,65535,34138,7005,6323,6497,7182,10190
19:49:32,1538,62,319,0,0,691,1,1278,3386,2109,254,902,1539,1593,10342,40848,34264,12564,2775,3080,1999,3973,3664
19:49:35,1641,70,377,0,0,693,1,910,4383,835,1444,1338,622,3767,5614,65535,65535,28948,12373,632,7311,367,9053
19:49:37,2641,70,680,0,0,695,1,7517,8165,2078,2967,2354,912,3557,21779,65535,65535,27226,8293,2920,6299,3552,9225
19:49:39,2789,70,744,0,0,697,1,4289,3576,704,962,1892,1635,3845,12799,49203,45405,13528,679,2132,1928,1987,5390
19:49:41,1636,62,310,0,0,700,1,4454,4507,160,1687,399,2407,4960,6924,52268,63113,26194,6810,4629,4962,5591,6140
19:49:44,3240,70,891,0,0,702,1,7665,7572,2052,2930,464,1805,2617,29229,65535,65535,26073,7514,4466,2380,4591,5568
19:49:46,1927,70,411,0,0,704,1,4302,6992,1108,3312,996,1634,3537,13476,62914,65535,25225,6360,4384,3905,2832,4720
19:49:48,2305,70,527,0,0,706,1,4803,7135,2107,1114,2474,2594,8547,15958,65535,65535,30236,3892,4428,3573,3732,7016
19:49:50,2640,70,667,0,0,708,1,4175,5178,3669,3619,4396,4689,9171,4147,58177,65535,27728,3189,1329,1595,3287,4718
19:49:52,2726,70,683,0,0,711,1,761,4980,213,3136,914,2428,3439,23666,65535,65535,23855,5539,2971,3929,4438,6069
19:49:55,2079,62,445,0,0,713,1,2593,1777,4819,7829,8409,8272,16665,29352,57035,35984,17924,10215,9665,7555,5751,10225
19:49:57,2413,70,609,0,0,715,1,7021,5771,3309,3188,3038,3327,8749,9509,65535,65535,35210,7096,3013,3028,3469,6862
19:49:59,3319,70,927,0,0,717,1,11707,8927,2861,1508,3210,1250,1033,12505,37411,27541,10394,4636,1725,2230,2300,1725
19:50:01,1468,62,292,0,0,719,1,616,2719,2065,365,2471,1801,1226,20160,63998,57835,16507,3023,3413,1628,2902,3928
19:50:04,1533,62,297,0,0,722,1,2542,8016,2193,1703,2017,1792,464,12185,38026,20967,8610,1659,1806,977,205,1384
19:50:06,3178,70,880,0,0,724,1,158,5814,3184,3328,4044,5403,6974,26537,65535,65535,33385,7124,7435,6646,6622,9970
19:50:08,2669,70,665,0,0,726,1,4084,5903,4050,4458,4859,4015,8625,14225,54642,65531,26192,7541,3569,4475,4133,4471
19:50:10,2145,70,511,0,0,728,1,11371,7437,608,2763,2413,2013,2231,16853,55015,47906,16981,2849,4173,922,932,2382
19:50:12,1905,70,411,0,0,731,1,5008,7137,2730,1811,1039,2404,2963,14376,55971,60855,16873,5017,1287,2049,1073,3489
19:50:15,3046,70,832,0,0,733,1,2594,4110,4007,1656,3098,1308,7201,22965,65535,65535,30815,9225,3196,6997,3922,9829
19:50:17,2492,70,635,0,0,735,1,4216,5042,2249,750,1148,2398,4618,16483,65535,65535,38004,6609,6778,6738,8140,11725
19:50:19,2763,70,697,0,0,737,1,2175,5476,4072,2121,1914,3456,4047,20776,41823,24258,7132,2623,3025,1414,836,2815
19:50:21,1642,62,326,0,0,739,1,849,8136,1134,2380,1576,2682,6129,24729,65535,65535,34459,10400,6200,7700,6163,10074
